time,left_door,right_door,camera,left_light,right_light,power,game_hour
4.41,0,0,0,0,0,100.0,0
4.93,0,0,0,0,0,100.0,1
5.44,0,0,0,0,0,100.0,1
5.95,0,0,0,0,0,100.0,1
6.45,0,0,0,0,0,100.0,1
6.95,0,0,0,0,0,100.0,1
7.46,0,0,0,0,0,100.0,1
7.97,0,0,0,0,0,100.0,1
8.47,0,0,0,0,0,100.0,2
8.97,0,0,0,0,0,100.0,2
9.48,0,0,0,0,0,100.0,2
10.0,0,0,0,0,0,100.0,2
10.5,0,0,0,0,0,100.0,2
11.01,0,0,0,0,0,100.0,2
11.52,0,0,0,0,0,100.0,2
12.03,0,0,0,0,0,100.0,2
12.55,0,0,0,0,0,100.0,3
13.06,0,0,0,0,0,100.0,3
13.57,0,0,0,0,0,100.0,3
14.08,0,0,0,1,0,99.6,3
14.6,0,0,0,1,0,98.6,3
15.11,0,0,0,1,0,97.6,3
15.62,0,0,0,1,0,96.6,3
16.13,0,0,0,1,0,95.5,3
16.65,0,0,0,1,0,94.5,4
17.16,0,0,0,1,0,93.5,4
17.68,1,0,0,1,0,91.7,4
18.18,1,0,0,1,0,89.6,4
18.68,0,0,0,1,0,87.7,4
19.2,0,0,0,1,0,86.6,4
19.71,0,0,0,0,0,86.6,4
20.21,0,0,0,0,0,86.6,4
20.73,0,0,0,0,0,86.6,5
21.23,0,0,0,0,0,86.6,5
21.73,0,0,0,0,0,86.6,5
22.24,0,0,0,0,0,86.6,5
22.75,0,0,0,0,0,86.6,5
23.26,0,0,0,0,0,86.6,5
23.76,0,0,0,0,0,86.6,5
24.27,0,0,0,0,0,86.6,5
3.84,0,0,0,0,0,100.0,0
4.35,0,0,0,0,0,100.0,1
4.86,0,0,0,0,0,100.0,1
5.36,0,0,0,0,0,100.0,1
5.88,0,0,0,0,0,100.0,1
6.39,0,0,0,0,0,100.0,1
6.89,0,0,0,0,0,100.0,1
7.41,0,0,0,0,0,99.4,1
7.92,0,0,0,0,0,98.9,1
8.43,0,0,0,0,0,98.9,2
8.94,0,0,0,0,0,98.9,2
9.45,0,0,0,0,0,98.9,2
9.96,0,0,0,0,1,98.9,2
10.46,0,0,0,0,1,97.7,2
10.98,0,0,0,0,1,96.5,2
11.49,0,0,0,0,1,95.2,2
12.0,0,0,0,0,1,94.0,2
12.51,0,0,0,0,1,92.8,3
13.01,0,0,0,0,1,91.6,3
13.51,0,0,0,0,1,90.4,3
14.02,0,0,0,0,1,89.1,3
14.53,0,0,0,0,1,87.9,3
15.04,0,1,0,0,1,86.2,3
15.55,0,1,0,0,1,83.8,3
16.05,0,1,0,0,0,82.6,3
16.56,0,1,0,0,0,81.4,4
17.08,0,1,0,0,0,80.1,4
17.59,0,1,0,0,0,78.9,4
18.1,0,1,0,0,0,77.7,4
18.6,0,1,0,0,0,76.5,4
19.1,0,1,0,0,0,75.3,4
19.61,0,1,0,0,0,74.0,4
20.12,0,0,0,0,0,73.0,5
20.64,0,0,0,0,0,73.0,5
21.15,0,0,0,0,0,73.0,5
21.66,0,0,0,0,0,73.0,5
22.17,0,0,0,0,0,73.0,5
22.68,0,0,0,0,0,73.0,5
23.19,0,0,0,0,0,73.0,5
23.71,0,0,0,0,0,73.0,5
1.55,0,0,0,0,0,100.0,0
2.06,0,0,0,0,0,100.0,0
2.57,0,0,0,0,0,100.0,0
3.09,0,0,0,0,0,100.0,0
3.6,0,0,0,0,0,100.0,0
4.1,0,0,0,0,0,100.0,1
4.62,0,0,0,0,0,100.0,1
5.13,0,0,0,0,0,100.0,1
5.64,0,0,0,0,0,100.0,1
6.16,0,0,0,0,0,100.0,1
6.67,0,0,0,1,0,98.7,1
7.19,0,0,0,1,0,97.2,1
7.7,0,0,0,1,0,95.6,1
8.2,1,0,0,1,0,92.8,2
8.71,1,0,0,0,0,90.9,2
9.23,1,0,0,0,0,89.3,2
9.73,1,0,0,0,0,87.8,2
10.23,1,0,0,0,0,86.3,2
10.73,1,0,0,0,0,84.8,2
11.24,1,0,0,0,0,83.3,2
11.74,1,0,0,1,0,80.9,2
12.24,0,0,0,1,0,78.1,3
12.74,0,0,0,0,0,77.1,3
13.24,0,0,0,0,0,77.1,3
13.76,0,0,0,0,0,77.1,3
14.26,0,0,0,0,0,77.1,3
14.78,0,0,0,0,0,77.1,3
15.28,0,0,0,0,0,77.1,3
15.79,0,0,0,1,0,77.0,3
16.3,0,0,0,0,1,75.5,4
16.8,0,0,0,1,0,74.0,4
17.31,0,0,0,1,0,72.4,4
17.81,0,0,0,1,0,70.9,4
18.32,0,0,0,1,0,69.4,4
18.83,1,1,0,1,0,64.9,4
19.33,1,1,0,1,0,60.4,4
19.85,1,1,0,0,0,56.4,4
20.35,1,1,0,0,0,53.4,5
20.85,1,1,0,0,0,50.4,5
21.35,1,0,0,0,0,48.4,5
21.86,1,0,0,0,0,46.9,5
22.36,0,0,0,0,0,45.4,5
22.88,0,0,0,0,0,45.4,5
23.38,0,0,0,0,0,45.4,5
23.89,0,0,0,0,0,45.4,5
1.6,0,0,0,0,0,100.0,0
2.1,0,0,0,0,0,100.0,0
2.6,0,0,0,0,0,100.0,0
3.12,0,0,0,0,0,100.0,0
3.62,0,0,1,0,0,99.7,0
4.13,0,0,1,0,0,97.9,1
4.63,0,0,1,1,0,95.2,1
5.13,0,0,1,1,0,91.6,1
5.64,0,0,0,1,0,89.8,1
6.14,0,0,0,1,0,88.0,1
6.64,1,0,0,1,0,86.1,1
7.15,1,0,0,1,0,82.4,1
7.65,0,0,0,1,0,78.9,1
8.15,0,0,0,1,0,77.1,2
8.67,0,0,0,1,0,75.2,2
9.18,0,0,0,0,0,74.4,2
9.69,0,0,0,0,0,74.4,2
10.21,0,0,0,0,1,73.5,2
10.71,0,0,1,0,1,70.9,2
11.21,0,0,1,0,1,68.0,2
11.71,0,0,1,0,1,64.4,2
12.21,0,0,1,0,0,61.4,3
12.72,0,1,1,0,0,58.2,3
13.24,0,1,1,0,0,54.5,3
13.74,0,1,0,0,0,51.3,3
14.25,0,1,0,0,0,49.4,3
14.76,0,1,0,0,0,47.6,3
15.27,0,1,0,0,0,45.8,3
15.77,0,0,0,0,0,44.5,3
16.28,0,0,0,0,0,44.5,4
16.79,0,0,0,0,0,44.5,4
17.29,0,0,0,1,0,44.2,4
17.8,0,0,0,0,1,42.4,4
18.31,0,0,0,0,1,40.5,4
18.81,0,1,0,0,1,37.0,4
19.32,0,1,0,0,0,34.6,4
19.83,0,1,0,0,0,32.7,4
20.33,0,1,0,0,0,30.9,5
20.84,0,0,0,0,0,29.4,5
21.34,0,0,0,0,0,29.4,5
21.85,0,0,0,0,0,29.4,5
22.36,0,0,0,0,0,29.4,5
22.86,0,0,0,0,0,29.4,5
23.38,0,0,0,0,0,29.4,5
23.88,0,0,0,0,0,29.4,5
1.37,0,0,0,0,0,100.0,0
1.88,0,0,0,0,0,100.0,0
2.38,0,0,0,0,0,100.0,0
2.89,0,0,0,0,0,100.0,0
3.41,0,0,1,0,0,98.8,0
3.92,0,0,0,0,0,97.4,0
4.43,0,0,0,0,0,97.4,1
4.94,0,0,0,0,0,97.4,1
5.45,0,0,0,0,1,96.0,1
1.74,0,0,0,0,0,100.0,0
2.25,0,0,0,0,0,100.0,0
2.75,0,0,0,0,0,100.0,0
3.26,0,0,0,0,1,98.3,0
3.77,0,0,0,0,1,96.0,0
4.29,0,0,0,0,1,93.8,1
4.79,0,0,0,0,1,91.5,1
5.3,0,1,0,0,1,87.6,1
5.81,0,1,0,0,1,83.0,1
6.31,0,1,0,0,0,80.5,1
6.81,0,1,0,0,0,78.3,1
7.33,0,1,0,0,0,76.1,1
7.84,0,0,0,0,0,76.0,1
8.34,0,0,0,1,0,74.5,2
8.85,0,0,0,0,1,72.3,2
9.37,0,1,0,0,1,69.1,2
9.88,0,1,0,0,1,64.6,2
10.38,0,1,0,0,1,60.1,2
10.88,0,1,0,0,1,55.7,2
11.38,0,1,0,0,0,51.5,2
11.89,0,0,0,0,0,50.0,2
12.4,0,0,0,0,0,50.0,3
12.91,0,0,0,0,0,50.0,3
13.41,0,0,0,0,0,50.0,3
13.93,0,0,0,0,1,48.1,3
14.44,0,1,0,0,1,43.9,3
14.94,0,1,0,0,1,39.4,3
15.45,0,0,0,0,0,36.1,3
15.95,0,0,0,0,0,36.1,3
16.47,0,0,0,0,0,36.1,4
16.98,0,0,0,0,0,36.1,4
17.48,0,0,0,0,0,36.1,4
17.98,0,0,0,0,1,34.3,4
18.5,0,0,0,0,1,32.1,4
19.0,0,0,0,0,1,29.9,4
19.5,0,1,0,0,1,27.0,4
20.0,0,1,0,0,1,22.6,4
4.4,0,0,0,0,0,100.0,0
4.9,0,0,0,0,0,100.0,1
5.41,0,0,0,0,0,100.0,1
5.92,0,0,0,0,0,100.0,1
6.43,0,0,0,0,0,100.0,1
6.94,0,0,0,1,0,99.5,1
7.45,0,0,0,1,0,97.7,1
7.96,0,0,0,1,0,95.9,1
8.46,1,0,0,1,0,93.9,2
8.98,1,0,0,1,0,90.2,2
9.48,1,0,0,0,0,87.0,2
9.98,1,0,0,0,0,85.2,2
10.48,1,0,0,0,0,83.4,2
10.99,1,0,0,0,0,81.6,2
11.5,1,0,0,0,0,79.7,2
12.01,1,0,0,0,0,77.9,2
12.51,1,0,0,0,0,76.1,3
13.02,1,0,0,0,1,73.4,3
13.53,1,0,0,0,1,69.7,3
14.03,1,1,0,0,1,64.6,3
14.55,1,1,0,0,1,59.0,3
15.06,1,1,0,0,1,53.5,3
15.57,1,1,0,0,1,48.0,3
16.08,1,0,0,0,1,43.2,3
16.59,1,1,0,0,1,38.3,4
17.09,1,1,0,0,1,32.9,4
17.6,1,1,0,0,1,27.3,4
18.11,1,1,0,0,1,21.9,4
18.61,0,1,0,0,0,18.6,4
19.11,0,1,0,0,0,16.7,4
19.63,0,1,0,0,0,14.9,4
20.14,0,0,0,0,0,13.1,4
20.65,0,0,0,0,0,13.1,5
21.15,0,0,0,0,0,13.1,5
21.66,0,0,0,0,0,13.1,5
22.16,0,0,0,0,1,11.8,5
22.66,0,0,0,0,1,10.0,5
23.18,0,1,0,0,1,6.4,5
23.68,0,1,0,0,1,2.7,5
24.2,0,1,0,0,0,0.3,5
1.54,0,0,0,0,0,100.0,0
2.05,0,0,0,0,0,100.0,0
2.56,0,0,0,1,0,98.8,0
3.06,0,0,0,0,0,98.5,0
3.58,0,0,0,0,0,98.5,0
4.09,0,0,0,0,0,98.5,1
4.6,0,0,0,0,0,98.5,1
5.11,0,0,0,0,1,97.8,1
5.62,0,1,0,0,1,93.9,1
6.12,0,1,0,0,0,89.5,1
6.63,0,1,0,0,0,87.3,1
7.15,0,1,0,0,0,85.0,1
7.65,0,0,0,0,0,83.4,1
8.17,0,0,0,0,0,83.4,2
8.67,0,0,0,0,0,83.4,2
9.18,0,0,0,0,1,83.2,2
9.69,0,0,0,0,1,81.0,2
10.2,0,0,0,0,1,78.7,2
10.7,0,1,0,0,0,75.5,2
11.2,0,1,0,0,0,73.3,2
11.72,0,1,0,0,0,71.0,2
12.23,0,1,0,0,0,68.7,3
12.74,0,1,0,0,0,66.5,3
13.24,0,0,0,0,0,64.7,3
13.75,0,0,0,0,0,64.7,3
14.26,0,0,0,0,0,64.7,3
14.77,0,0,0,0,0,64.7,3
15.28,0,0,0,0,0,64.7,3
15.79,1,0,0,0,0,64.4,3
16.31,1,0,0,0,0,62.1,4
16.81,1,0,0,0,0,59.9,4
17.31,1,0,0,0,0,57.7,4
17.83,1,0,0,0,0,55.4,4
18.34,0,0,0,0,0,54.1,4
18.85,0,0,0,1,0,52.7,4
19.35,0,0,0,1,0,50.4,4
19.85,1,0,0,1,0,46.5,4
20.36,1,0,0,0,0,43.9,5
20.87,1,0,0,0,0,41.7,5
21.37,1,0,0,0,0,39.4,5
21.87,0,0,0,0,0,38.0,5
22.38,0,0,0,0,0,38.0,5
22.89,0,0,0,0,0,38.0,5
23.39,0,0,0,0,0,38.0,5
23.9,0,0,0,0,1,37.2,5
3.7,0,0,0,0,0,100.0,0
4.2,0,0,0,0,0,100.0,1
4.71,0,0,0,0,0,100.0,1
5.21,0,0,0,1,0,99.4,1
5.71,0,0,0,0,0,99.2,1
6.22,0,0,0,0,0,99.2,1
6.73,0,0,1,0,0,98.4,1
7.24,0,0,1,0,0,97.4,1
7.75,0,0,1,0,0,96.4,1
8.27,0,0,1,0,0,95.3,2
8.78,0,0,0,0,0,95.2,2
9.28,0,0,0,0,0,95.2,2
9.79,0,0,1,0,0,94.2,2
10.3,0,0,1,0,0,93.2,2
10.81,0,0,1,0,0,92.2,2
11.31,0,0,1,0,0,91.2,2
11.82,0,0,1,0,0,90.2,2
12.32,0,0,1,0,0,89.2,3
12.83,0,0,1,1,0,87.3,3
13.34,0,0,0,1,0,85.8,3
13.86,0,0,0,1,0,84.8,3
14.36,0,0,0,1,0,83.8,3
14.86,0,0,0,0,0,83.5,3
15.37,0,0,0,0,0,82.8,3
15.87,0,0,0,0,0,82.8,3
16.39,0,0,0,0,0,82.8,4
16.9,0,0,0,0,0,82.8,4
17.4,0,0,0,0,0,82.8,4
17.91,0,0,0,0,0,82.8,4
18.41,0,0,0,0,0,82.8,4
18.93,0,0,0,0,0,82.8,4
19.43,1,0,0,1,0,81.4,4
19.93,1,0,0,1,0,79.4,4
20.43,0,0,0,1,0,77.9,5
20.94,0,0,0,0,0,77.1,5
21.45,0,0,0,0,0,77.1,5
21.97,0,0,0,0,1,76.6,5
22.47,0,1,0,0,1,74.7,5
22.97,1,1,0,0,1,71.7,5
23.48,1,1,1,0,1,68.1,5
23.99,1,1,1,1,0,64.0,5
1.6,0,0,0,0,0,100.0,0
2.1,0,0,0,0,0,100.0,0
2.6,0,0,0,0,0,100.0,0
3.11,0,0,1,0,0,99.4,0
3.62,0,0,1,0,0,98.2,0
4.12,0,0,1,0,0,97.0,1
4.63,0,0,1,0,0,95.8,1
5.15,0,0,1,0,0,94.5,1
5.66,0,0,0,0,0,93.4,1
6.16,0,0,0,0,0,93.4,1
6.68,0,0,0,0,0,93.4,1
7.19,0,0,0,0,0,93.4,1
7.71,0,0,0,0,0,93.4,1
8.22,0,0,0,0,0,93.4,2
8.73,0,0,0,0,0,93.4,2
9.23,0,0,0,0,0,93.4,2
9.74,0,0,0,0,0,93.4,2
10.24,0,0,0,0,0,93.4,2
10.76,0,0,0,0,0,93.4,2
11.26,0,0,0,0,0,93.4,2
11.76,0,0,0,0,1,92.7,2
12.27,0,0,0,0,1,91.4,3
12.77,0,0,0,0,1,90.2,3
13.29,0,0,0,0,1,89.0,3
13.8,0,0,0,0,1,87.8,3
14.32,0,0,0,0,1,86.5,3
14.83,0,0,0,0,1,85.3,3
15.34,0,0,0,0,1,84.1,3
15.85,0,1,0,0,1,82.6,3
16.35,0,1,0,0,0,80.3,4
16.86,0,1,0,0,0,79.1,4
17.37,0,1,0,0,0,77.9,4
17.88,0,1,0,0,0,76.6,4
18.39,0,1,1,0,0,74.6,4
18.89,0,1,1,0,0,72.2,4
19.41,0,1,1,0,0,69.8,4
19.92,0,1,1,0,0,67.3,4
20.43,0,1,1,0,0,64.9,5
20.93,0,1,1,0,0,62.5,5
21.44,0,1,1,0,0,60.0,5
21.96,0,1,1,0,0,57.5,5
22.46,0,1,1,0,0,55.1,5
22.97,0,1,1,0,0,52.7,5
23.47,0,1,1,0,0,50.3,5
23.99,0,1,1,0,0,47.8,5
1.55,0,0,0,0,0,100.0,0
2.05,0,0,0,0,0,100.0,0
2.56,0,0,0,0,0,100.0,0
3.07,0,0,0,0,0,100.0,0
3.57,0,0,0,0,0,100.0,0
4.08,0,0,0,0,0,100.0,1
4.6,0,0,0,0,0,98.9,1
5.1,0,0,0,0,0,98.2,1
5.62,0,0,0,0,0,98.2,1
6.13,0,0,0,1,0,97.9,1
6.63,1,0,0,1,0,96.3,1
7.14,1,0,0,1,0,93.3,1
7.65,1,0,0,0,0,90.9,1
8.16,1,0,0,0,1,89.3,2
8.67,1,0,0,0,1,86.3,2
9.18,1,0,1,0,1,82.8,2
9.69,1,0,1,0,0,78.3,2
10.19,1,0,1,0,0,75.3,2
10.7,1,1,1,0,1,70.5,2
11.21,1,1,0,0,1,64.9,2
11.71,1,1,0,0,1,60.4,2
12.22,1,1,0,0,1,55.8,3
12.73,1,1,0,0,1,51.2,3
13.24,1,1,0,1,0,46.6,3
13.75,1,1,0,0,0,42.8,3
14.25,1,1,0,0,0,39.7,3
14.75,1,1,0,0,0,36.7,3
15.27,1,1,0,0,0,33.6,3
15.78,1,1,0,0,0,30.6,3
16.28,0,1,0,0,0,28.6,4
16.78,0,1,0,1,0,27.0,4
17.28,0,1,0,1,0,24.0,4
17.8,0,1,0,1,0,20.9,4
18.3,0,1,0,1,0,17.9,4
18.81,0,1,0,1,0,14.8,4
19.32,0,1,0,1,0,11.8,4
19.82,0,1,0,1,0,8.8,4
20.33,1,1,0,1,0,5.1,5
20.84,1,1,0,0,1,0.5,5
3.71,0,0,0,0,0,100.0,0
4.21,0,0,0,0,0,100.0,1
4.71,0,0,0,0,0,100.0,1
5.21,0,0,0,0,0,100.0,1
5.73,0,0,0,0,0,100.0,1
6.23,0,0,0,0,0,100.0,1
6.73,0,0,0,0,0,100.0,1
7.25,0,0,0,0,0,100.0,1
7.75,0,0,0,0,0,100.0,1
8.26,0,0,0,0,0,100.0,2
8.77,0,0,0,0,0,100.0,2
9.27,0,0,0,0,0,100.0,2
9.79,1,0,0,0,0,98.8,2
10.3,1,0,0,0,0,97.2,2
10.81,1,0,0,0,0,95.7,2
11.32,1,0,0,0,0,94.2,2
11.82,0,0,0,0,0,93.4,2
12.33,0,0,0,1,0,92.9,3
12.84,0,0,0,0,0,92.2,3
13.34,0,0,0,0,0,92.2,3
13.85,0,0,0,0,1,91.4,3
14.35,0,0,0,0,0,91.3,3
14.87,0,0,0,0,0,91.3,3
15.38,0,0,0,0,0,90.2,3
15.9,0,0,0,0,0,90.2,3
16.4,0,0,0,0,1,89.6,4
16.9,0,0,0,0,1,88.1,4
17.41,0,1,0,0,1,86.2,4
17.92,0,1,0,0,1,83.2,4
18.43,0,1,0,0,1,80.1,4
18.93,0,1,0,0,1,77.1,4
19.44,0,1,1,0,0,75.2,4
19.96,0,1,1,0,0,72.1,4
20.46,0,1,0,0,1,68.7,5
20.97,0,1,0,0,0,66.1,5
21.48,0,0,0,0,0,65.7,5
21.98,0,0,0,0,0,65.7,5
22.5,0,0,0,0,0,65.7,5
23.0,0,0,0,0,0,65.7,5
23.51,0,0,0,0,0,65.7,5
24.02,0,0,0,0,1,64.6,5
3.78,0,0,0,0,0,100.0,0
4.28,0,0,0,0,0,100.0,0
4.78,0,0,0,0,0,100.0,0
5.3,0,0,0,0,0,100.0,0
5.81,0,0,0,0,0,100.0,0
6.32,0,0,0,0,0,100.0,0
6.82,0,0,0,0,0,100.0,0
7.34,0,0,0,0,0,100.0,0
7.85,0,0,1,0,0,98.9,0
8.37,0,0,1,0,0,97.7,0
8.88,0,0,1,0,0,96.4,0
9.38,0,0,1,0,0,95.2,0
9.88,0,0,1,0,0,94.0,0
10.39,0,0,1,0,0,92.8,1
10.9,0,0,1,0,0,91.6,1
11.4,0,0,1,0,0,90.4,1
11.91,0,0,1,0,0,89.1,1
12.42,0,0,1,0,0,87.9,1
12.93,0,0,1,0,0,86.7,1
13.43,0,0,0,0,0,86.3,1
13.94,0,0,0,1,0,86.3,1
14.46,1,0,0,1,0,84.7,1
14.96,1,1,0,1,0,81.7,1
15.47,1,1,0,0,1,78.0,1
15.98,1,0,0,0,0,75.6,1
16.48,0,0,0,0,0,74.9,1
17.0,0,0,0,0,1,73.9,1
17.5,0,0,0,0,1,72.7,1
18.02,0,0,0,0,1,71.6,1
18.52,0,0,0,1,0,70.4,1
19.03,0,0,0,0,1,69.1,1
19.53,0,0,0,1,0,67.9,1
20.03,0,0,0,0,1,66.7,2
20.54,0,1,0,0,1,65.4,2
21.05,0,1,0,0,1,63.0,2
21.57,0,1,0,0,1,60.5,2
22.08,0,1,0,0,0,58.5,2
22.59,0,1,0,0,0,57.3,2
23.09,0,1,0,0,0,56.1,2
23.61,0,1,0,0,1,54.7,2
24.11,0,1,0,0,0,52.7,2
24.62,0,1,1,0,0,51.3,2
25.13,0,1,1,0,0,48.8,2
25.65,0,1,1,0,0,46.4,2
26.15,0,1,1,0,0,44.0,2
26.66,0,1,1,0,0,41.5,2
27.17,0,1,1,0,0,39.0,2
27.69,0,1,1,0,0,36.6,2
28.2,0,1,1,0,0,34.1,2
28.72,0,1,1,0,0,31.6,2
29.23,0,1,1,0,0,29.1,2
29.75,0,1,1,0,0,26.7,2
30.26,0,1,1,0,0,24.2,3
30.76,0,1,1,0,0,21.8,3
31.26,0,1,1,0,0,19.4,3
31.77,0,1,1,0,0,17.0,3
32.27,0,1,0,0,0,14.7,3
32.77,0,1,0,0,0,13.5,3
33.27,1,1,0,0,0,11.3,3
33.79,0,0,0,0,0,9.8,3
34.29,0,0,0,0,0,9.8,3
34.8,0,0,0,0,0,9.8,3
35.32,0,0,0,1,0,8.8,3
35.82,0,0,0,0,1,7.6,3
36.32,0,0,0,1,0,6.4,3
36.82,0,0,0,0,1,5.2,3
37.32,0,0,0,0,1,4.0,3
37.84,0,0,0,0,0,3.9,3
38.34,0,0,0,0,0,3.9,3
38.84,0,0,0,0,0,3.9,3
39.35,0,0,0,1,0,3.7,3
39.86,0,0,0,0,1,2.5,3
40.37,0,0,0,0,1,1.2,4
40.89,0,0,0,0,1,0,4
3.69,0,0,0,0,0,100.0,0
4.21,0,0,0,0,0,100.0,0
4.72,0,0,0,0,0,100.0,0
5.23,0,0,0,0,0,100.0,0
5.73,0,0,0,0,0,100.0,0
6.23,0,0,0,0,0,100.0,0
6.73,0,0,0,0,0,100.0,0
7.24,0,0,0,0,0,100.0,0
7.75,0,0,0,0,0,100.0,0
8.25,0,0,0,0,0,100.0,0
8.76,0,0,0,0,1,99.9,0
9.27,0,0,0,0,0,99.7,0
9.78,0,0,0,0,0,99.7,0
10.29,0,0,0,0,0,99.7,1
10.8,0,0,0,0,0,99.7,1
11.31,0,0,0,0,0,99.7,1
11.82,0,0,0,0,1,99.4,1
12.32,0,0,0,0,0,99.4,1
12.82,0,0,0,0,0,99.4,1
13.32,0,0,0,0,0,99.4,1
13.83,0,0,0,0,0,99.4,1
14.33,0,0,0,0,0,99.4,1
14.83,0,0,0,0,0,99.4,1
15.35,0,0,0,0,0,99.4,1
15.86,0,0,0,0,0,99.4,1
16.37,0,1,0,0,0,99.2,1
16.89,0,1,0,0,0,98.8,1
17.4,0,1,0,0,0,98.4,1
17.91,0,1,0,0,0,98.0,1
18.41,0,1,0,0,0,97.6,1
18.91,0,1,0,0,0,97.2,1
19.41,0,1,0,0,0,96.8,1
19.91,0,0,0,0,0,96.5,1
20.42,0,0,0,0,0,96.5,2
20.93,0,0,0,0,0,96.5,2
21.43,0,0,0,0,0,96.5,2
21.95,0,0,0,0,0,96.5,2
22.46,0,0,0,0,0,96.5,2
22.97,0,0,0,0,0,96.5,2
23.48,0,0,0,0,0,96.5,2
23.98,0,0,0,0,0,96.5,2
24.49,0,0,0,0,0,96.5,2
24.99,0,0,0,0,1,96.4,2
25.49,0,0,0,0,0,96.3,2
26.01,0,0,0,0,0,96.3,2
26.51,0,0,0,0,0,96.3,2
27.02,0,0,0,0,0,96.3,2
27.52,0,0,0,0,1,96.0,2
28.04,0,0,0,0,1,95.6,2
28.54,0,1,0,0,1,94.8,2
29.04,0,1,0,0,1,94.0,2
29.54,0,1,0,0,0,93.2,2
30.05,0,1,0,0,0,92.8,3
30.55,0,1,0,0,0,92.4,3
31.07,0,1,0,0,0,92.0,3
31.57,0,1,0,0,1,91.5,3
32.08,0,0,0,0,0,91.0,3
32.59,0,0,0,0,0,91.0,3
33.11,0,0,0,1,0,90.6,3
33.62,0,0,0,0,1,90.2,3
34.13,0,0,0,0,1,89.8,3
34.64,0,0,0,0,1,89.4,3
35.15,0,0,0,0,1,89.0,3
35.66,0,0,0,0,1,88.6,3
36.16,0,0,0,0,1,88.2,3
36.68,0,1,0,0,1,87.5,3
37.18,0,1,0,0,1,86.7,3
37.68,0,1,0,0,0,86.2,3
38.2,0,1,0,0,0,85.8,3
38.71,0,1,0,0,0,85.4,3
39.21,0,1,0,0,0,84.9,3
39.73,0,1,1,0,0,84.2,3
40.23,0,1,1,0,0,83.4,4
40.75,0,1,0,0,0,82.9,4
41.26,0,1,0,0,0,82.5,4
41.76,0,0,0,0,0,82.4,4
42.27,0,0,0,0,0,82.1,4
42.77,0,0,0,1,0,81.9,4
43.29,0,0,0,0,1,81.4,4
43.79,0,0,0,1,0,81.0,4
44.3,0,0,0,1,0,80.6,4
44.82,0,0,0,1,0,80.2,4
45.32,1,0,0,1,0,79.4,4
45.83,1,0,0,1,0,78.6,4
46.34,1,0,0,1,0,77.8,4
46.85,1,0,0,0,0,77.1,4
47.36,1,0,0,0,0,76.7,4
47.87,1,0,0,0,0,76.3,4
48.38,1,0,0,0,0,75.9,4
48.89,1,0,1,0,0,75.3,4
49.4,1,0,1,0,0,74.5,4
49.91,1,0,1,0,0,73.7,4
50.41,1,0,1,0,0,72.9,5
50.92,1,0,1,0,0,72.1,5
51.43,1,0,1,0,0,71.3,5
51.95,1,0,1,0,0,70.4,5
52.46,1,0,1,0,0,69.6,5
52.97,1,0,1,0,0,68.8,5
53.48,1,0,0,0,0,68.4,5
53.98,1,0,0,0,0,68.0,5
54.49,1,0,0,0,1,67.5,5
54.99,1,1,0,0,1,66.6,5
55.5,1,1,0,0,1,65.4,5
56.0,1,1,0,1,0,64.2,5
56.5,0,1,0,1,0,63.1,5
57.0,0,1,0,0,0,62.3,5
57.52,0,1,0,0,0,61.9,5
58.03,0,1,0,0,0,61.5,5
58.54,0,1,0,0,0,61.1,5
59.04,0,1,0,0,0,60.7,5
59.56,0,1,0,0,0,60.3,5
60.07,0,0,0,0,0,60.1,5
1.49,0,0,0,0,0,100.0,0
1.99,0,0,0,0,0,100.0,0
2.5,0,0,0,0,0,100.0,0
3.01,0,0,0,0,1,99.2,0
3.52,0,0,0,0,1,98.0,0
4.04,0,1,0,0,1,95.6,0
4.54,0,1,0,0,1,93.2,0
5.05,0,1,0,0,1,90.7,0
5.56,0,0,0,0,1,88.9,0
6.07,0,0,0,0,0,88.9,0
6.58,0,0,0,0,1,87.9,0
7.1,1,0,0,0,1,85.7,0
7.6,1,0,0,0,1,83.3,0
8.11,1,0,0,0,1,80.8,0
8.63,1,0,0,0,1,78.4,0
9.15,1,0,0,0,1,75.9,0
9.66,1,0,0,0,1,73.4,0
10.17,0,0,0,1,0,71.9,1
10.68,1,0,0,1,0,70.2,1
11.19,1,0,0,1,0,67.8,1
11.71,1,0,0,0,1,65.3,1
12.22,1,0,0,0,1,62.8,1
12.73,1,0,0,0,1,60.4,1
13.23,0,0,0,0,1,58.6,1
13.73,0,0,0,1,0,57.4,1
14.24,0,0,0,1,0,56.2,1
14.74,0,0,0,0,1,54.9,1
15.25,0,0,0,0,1,53.7,1
15.76,0,0,0,0,1,52.5,1
16.27,0,1,0,0,1,50.4,1
16.78,0,1,0,0,1,47.9,1
17.28,0,1,0,1,0,45.5,1
17.8,0,1,0,1,0,43.0,1
18.3,0,1,0,1,0,40.6,1
18.81,0,1,0,1,0,38.2,1
19.31,0,0,0,1,0,36.8,1
19.82,0,0,0,1,0,35.6,1
20.32,0,0,0,0,1,34.4,2
20.84,0,0,0,0,1,33.2,2
21.34,0,0,0,1,0,31.9,2
21.86,0,1,0,0,1,30.4,2
22.37,0,1,0,1,0,27.9,2
22.87,1,1,0,1,0,25.0,2
23.38,1,1,0,1,0,21.3,2
23.9,1,1,0,0,1,17.6,2
24.4,1,0,0,0,0,15.1,2
24.9,1,0,0,0,1,13.9,2
25.4,1,0,0,0,1,11.5,2
25.91,0,0,0,0,0,10.3,2
26.43,0,1,0,0,0,9.6,2
26.93,0,1,0,1,0,7.3,2
27.44,0,1,0,1,0,4.9,2
27.94,1,1,0,1,0,1.9,2
3.92,0,0,0,0,0,100.0,0
4.42,0,0,0,0,0,100.0,0
4.94,0,0,0,0,0,100.0,0
5.45,0,0,0,0,1,99.0,0
5.96,0,0,0,0,1,98.0,0
6.46,0,0,0,1,0,97.0,0
6.97,0,0,0,0,1,96.0,0
7.48,0,1,0,0,1,94.1,0
8.0,0,1,0,0,1,92.0,0
8.5,0,1,0,0,1,90.0,0
9.02,0,1,0,0,0,88.7,0
9.52,0,1,0,0,0,87.7,0
10.03,0,0,0,0,1,87.0,1
10.54,0,0,0,1,0,86.0,1
11.05,0,0,0,0,1,85.0,1
11.56,0,0,0,0,1,83.9,1
12.08,0,0,0,0,1,82.9,1
12.59,0,0,0,1,0,81.9,1
13.09,0,0,0,0,1,80.9,1
13.6,0,1,0,0,0,79.1,1
14.1,0,1,0,1,0,77.8,1
14.62,0,1,0,0,0,76.0,1
15.12,0,1,0,0,0,75.0,1
15.63,0,0,0,0,0,74.0,1
16.13,0,0,0,0,1,73.5,1
16.64,0,0,0,0,1,72.5,1
17.15,0,0,0,0,1,71.4,1
17.67,0,0,0,0,1,70.4,1
18.18,0,0,0,1,0,69.4,1
18.68,0,1,0,0,1,68.2,1
19.19,0,1,0,0,1,66.2,1
19.69,0,1,0,0,0,64.9,1
20.2,0,1,0,0,0,63.9,2
20.72,0,1,0,0,0,62.8,2
21.23,0,1,0,0,0,61.8,2
21.73,0,1,0,0,0,60.8,2
22.24,0,0,0,0,0,60.0,2
22.74,0,0,0,0,1,59.4,2
23.25,0,0,0,1,0,58.4,2
23.76,1,0,0,1,0,56.6,2
24.27,1,0,0,0,0,55.1,2
24.78,1,0,0,0,0,54.1,2
25.29,1,0,0,0,0,53.1,2
25.8,1,0,0,0,0,52.0,2
26.32,0,0,0,1,0,51.6,2
26.83,1,0,0,1,0,50.5,2
27.34,1,0,0,0,0,48.5,2
27.84,1,0,0,0,0,47.5,2
28.34,1,1,0,0,0,45.8,2
28.86,1,1,0,0,1,42.9,2
29.36,1,0,0,0,1,40.6,2
29.88,1,0,0,1,0,39.3,2
30.38,0,0,0,1,0,37.7,3
30.88,0,0,0,0,1,37.0,3
31.4,0,0,0,0,1,36.0,3
31.91,0,0,0,0,1,35.0,3
32.42,0,0,0,1,0,34.0,3
32.92,0,1,0,1,0,32.5,3
33.42,0,1,0,1,0,30.5,3
33.93,1,1,0,0,0,29.0,3
34.45,1,1,0,0,0,26.9,3
34.95,1,1,0,0,0,24.9,3
35.46,1,0,0,0,0,23.0,3
35.97,0,0,0,0,0,22.4,3
36.47,0,0,0,0,1,21.5,3
36.99,0,0,0,1,0,20.5,3
37.5,0,1,0,1,0,18.9,3
38.0,0,1,0,0,1,16.9,3
38.51,0,1,0,1,0,14.9,3
39.03,0,1,0,1,0,12.8,3
39.54,0,1,0,1,0,10.8,3
40.05,0,1,0,1,0,8.7,4
40.56,1,1,0,1,0,5.8,4
41.07,1,1,0,0,0,3.1,4
41.59,1,0,0,0,1,0.6,4
3.99,0,0,0,0,0,100.0,0
4.49,0,0,0,0,0,100.0,0
5.01,0,0,0,0,0,100.0,0
5.52,0,0,0,0,1,99.9,0
6.02,0,0,0,0,1,99.6,0
6.54,0,0,0,0,1,99.4,0
7.04,0,0,0,0,1,99.1,0
7.56,0,1,0,0,1,98.4,0
8.06,0,1,0,0,1,97.2,0
8.57,0,1,0,1,0,96.1,0
9.07,0,1,0,1,0,94.8,0
9.57,0,1,0,0,0,93.7,0
10.09,0,0,0,0,0,93.2,1
10.59,0,0,0,1,0,92.9,1
11.1,0,0,0,0,1,92.8,1
11.61,0,0,0,1,0,92.5,1
12.12,0,0,0,1,0,92.2,1
12.62,0,0,0,1,0,92.0,1
13.14,1,1,0,1,0,91.2,1
13.65,1,1,0,1,0,88.9,1
14.16,1,1,0,0,0,86.8,1
14.66,1,1,0,0,0,84.8,1
15.16,1,1,0,0,0,82.8,1
15.66,0,0,0,0,0,82.2,1
16.17,0,0,0,0,1,82.0,1
16.69,0,0,0,1,0,81.7,1
17.19,0,0,0,0,1,81.5,1
17.69,0,1,0,0,1,80.3,1
18.2,0,1,0,0,0,79.1,1
18.71,0,1,0,0,0,78.1,1
19.22,0,1,0,0,0,77.1,1
19.73,0,0,0,0,0,76.4,1
20.24,0,0,0,1,0,76.2,2
20.75,0,0,0,1,0,76.0,2
21.25,0,0,0,1,0,75.7,2
21.76,1,0,0,1,0,74.7,2
22.28,1,0,0,0,0,73.6,2
22.78,1,1,0,0,0,71.8,2
23.28,1,1,0,1,0,69.6,2
23.79,0,0,0,1,0,69.0,2
24.29,0,0,0,0,1,68.9,2
24.79,0,0,0,1,0,68.6,2
25.3,0,0,0,0,1,68.3,2
25.8,0,0,0,1,0,68.1,2
26.3,0,1,0,1,0,67.2,2
26.81,0,1,0,1,0,66.0,2
27.32,0,1,0,1,0,64.7,2
27.83,1,1,0,1,0,62.9,2
28.34,1,1,0,0,0,60.7,2
28.85,1,0,0,0,0,58.7,2
3.84,0,0,0,0,0,100.0,0
4.35,0,0,0,0,0,100.0,0
4.86,0,0,0,0,0,100.0,0
5.36,0,0,0,0,0,100.0,0
5.87,0,0,0,0,0,100.0,0
6.37,0,0,0,1,0,100.0,0
6.87,0,0,0,1,0,99.7,0
7.38,0,0,0,1,0,99.5,0
7.89,0,0,0,0,1,99.3,0
8.4,1,0,0,0,1,98.3,0
8.91,1,0,0,1,0,97.2,0
9.42,1,0,0,1,0,96.0,0
9.92,1,1,0,1,0,94.6,0
10.43,1,0,0,1,0,92.6,1
10.94,0,0,0,1,0,91.9,1
11.45,0,0,0,0,0,91.8,1
11.96,0,0,0,1,0,91.6,1
12.46,0,0,0,1,0,91.4,1
12.97,0,0,0,1,0,91.2,1
13.49,0,0,0,0,1,91.0,1
14.0,0,0,0,0,1,90.7,1
14.51,0,0,0,0,1,90.5,1
15.03,0,0,0,1,0,90.3,1
15.53,0,1,0,1,0,89.6,1
16.04,1,1,0,1,0,87.6,1
16.56,1,1,0,1,0,85.5,1
17.07,1,1,0,1,0,83.4,1
17.59,1,1,0,0,0,81.3,1
18.1,0,0,0,0,0,80.2,1
18.61,0,0,0,0,1,80.1,1
19.12,0,0,0,1,0,79.8,1
19.63,0,0,0,0,1,79.6,1
20.13,0,0,0,0,1,79.4,2
20.64,0,1,0,0,1,78.8,2
21.16,0,1,0,0,0,77.7,2
21.67,0,1,0,0,0,76.8,2
22.18,0,1,0,0,0,75.9,2
22.68,0,0,0,0,0,75.2,2
1.45,0,0,0,0,0,100.0,0
1.95,0,0,0,0,0,100.0,0
2.46,0,0,0,0,0,100.0,0
2.97,0,0,0,0,1,99.9,0
3.48,0,0,0,1,0,99.6,0
3.99,0,0,0,0,1,99.4,0
4.5,0,0,0,1,0,99.2,0
5.02,0,0,0,1,0,98.9,0
5.52,0,0,0,1,0,98.7,0
6.02,0,0,0,0,1,98.5,0
6.52,1,0,0,0,1,97.4,0
7.03,1,0,0,0,1,96.3,0
7.54,1,0,0,0,1,95.2,0
8.04,1,0,0,0,1,94.0,0
8.54,1,0,0,0,1,92.9,0
9.05,1,0,0,0,1,91.8,0
9.55,1,0,0,0,1,90.6,0
10.05,0,0,0,1,0,90.3,1
10.56,0,0,0,1,0,90.0,1
11.08,0,0,0,0,1,89.8,1
11.59,0,0,0,0,1,89.6,1
12.11,0,0,0,1,0,89.3,1
12.62,0,0,0,0,1,89.1,1
13.13,0,0,0,1,0,88.9,1
13.63,0,1,0,0,1,88.6,1
14.13,0,1,0,0,1,87.5,1
14.65,0,1,0,0,0,86.4,1
15.15,0,1,0,0,0,85.5,1
15.66,0,1,0,0,0,84.6,1
16.16,0,1,0,0,0,83.7,1
16.67,0,1,0,0,0,82.8,1
17.17,0,1,0,1,0,81.8,1
17.68,0,1,0,1,0,80.6,1
18.19,0,1,0,1,0,79.5,1
18.69,0,1,0,1,0,78.3,1
19.19,0,1,0,0,1,77.2,1
19.71,0,1,0,1,0,76.1,1
20.22,1,1,0,1,0,74.7,2
20.73,1,1,0,1,0,72.7,2
21.24,1,0,0,1,0,71.1,2
21.74,1,0,0,1,0,70.0,2
22.26,1,0,0,0,1,68.9,2
22.77,1,0,0,0,1,67.7,2
23.29,1,0,0,0,1,66.5,2
23.79,0,0,0,0,1,65.6,2
24.31,0,0,0,0,1,65.4,2
24.82,0,0,0,1,0,65.2,2
25.32,0,0,0,1,0,65.0,2
25.83,0,0,0,0,1,64.7,2
26.34,0,0,0,1,0,64.5,2
26.86,0,0,0,0,1,64.3,2
27.37,0,0,0,1,0,64.0,2
27.89,1,0,0,1,0,63.3,2
28.4,1,0,0,0,0,62.1,2
28.91,1,0,0,0,0,61.2,2
3.71,0,0,0,0,0,100.0,0
4.23,0,0,0,0,0,100.0,0
4.73,0,0,0,1,0,99.9,0
5.23,0,0,0,0,1,99.7,0
5.73,0,0,0,1,0,99.5,0
6.25,0,0,0,1,0,99.3,0
6.75,0,0,0,1,0,99.1,0
7.27,0,0,0,0,1,98.9,0
7.78,0,0,0,1,0,98.7,0
8.29,1,0,0,1,0,98.2,0
8.8,1,0,0,0,0,97.4,0
9.3,1,0,0,0,1,96.5,0
9.8,1,0,0,0,1,95.6,0
10.3,1,0,0,0,1,94.6,1
10.8,1,0,0,0,1,93.7,1
11.31,0,0,0,1,0,93.3,1
11.82,0,0,0,0,1,93.1,1
12.33,0,0,0,0,1,93.0,1
12.84,0,0,0,0,1,92.8,1
13.35,0,0,0,0,1,92.6,1
13.85,0,0,0,1,0,92.4,1
14.37,0,0,0,0,1,92.2,1
14.88,0,0,0,0,1,92.0,1
15.38,0,1,0,0,1,91.7,1
15.89,0,1,0,0,0,90.8,1
16.4,0,1,0,1,0,89.9,1
16.92,0,1,0,1,0,89.0,1
17.43,0,1,0,1,0,88.0,1
17.94,0,1,0,1,0,87.0,1
18.44,0,1,0,1,0,86.1,1
18.95,0,0,0,1,0,85.6,1
19.46,0,0,0,0,1,85.4,1
19.96,0,0,0,0,1,85.2,1
20.47,0,0,0,0,1,85.0,2
20.98,0,0,0,0,1,84.8,2
21.48,0,0,0,0,1,84.6,2
21.98,0,0,0,1,0,84.4,2
22.5,0,0,0,0,1,84.2,2
23.01,0,1,0,0,1,83.4,2
23.52,0,1,0,0,0,82.6,2
24.03,0,1,0,0,0,81.8,2
24.54,0,1,0,1,0,80.9,2
25.06,0,1,0,1,0,79.9,2
25.56,0,1,0,1,0,79.0,2
26.08,0,1,0,1,0,78.0,2
26.59,0,0,0,1,0,77.4,2
27.11,0,0,0,1,0,77.2,2
27.62,0,0,0,1,0,77.0,2
28.12,0,0,0,0,1,76.8,2
28.63,1,0,0,1,0,76.6,2
29.13,1,0,0,0,0,75.7,2
29.63,1,0,0,0,1,74.8,2
30.14,1,1,0,0,1,73.3,3
30.64,1,1,0,0,1,71.6,3
31.15,1,1,0,0,1,69.9,3
31.66,1,1,0,0,1,68.2,3
32.17,1,1,0,0,1,66.4,3
32.68,1,1,0,1,0,64.8,3
33.18,0,0,0,1,0,63.9,3
33.69,0,0,0,0,1,63.7,3
34.19,0,0,0,0,1,63.5,3
34.69,0,0,0,0,1,63.4,3
35.2,0,0,0,0,1,63.2,3
35.7,0,0,0,1,0,63.0,3
36.22,0,0,0,1,0,62.8,3
36.72,0,0,0,1,0,62.6,3
37.23,1,1,0,1,0,61.3,3
37.73,1,1,0,1,0,59.6,3
38.24,1,1,0,1,0,57.9,3
38.74,1,1,0,1,0,56.2,3
39.26,1,1,0,1,0,54.5,3
39.76,1,1,0,1,0,52.8,3
40.27,1,0,0,0,1,51.2,4
40.78,0,0,0,0,1,50.7,4
41.29,0,0,0,1,0,50.5,4
41.8,0,0,0,1,0,50.3,4
42.3,0,0,0,0,1,50.2,4
42.8,0,0,0,0,1,50.0,4
43.32,0,0,0,0,1,49.8,4
43.82,0,0,0,0,1,49.6,4
44.32,0,1,0,0,1,48.9,4
44.83,0,1,0,0,0,48.1,4
45.33,0,1,0,1,0,47.2,4
45.85,0,1,0,1,0,46.2,4
46.36,0,1,0,1,0,45.3,4
46.86,0,1,0,1,0,44.3,4
47.37,0,1,0,1,0,43.4,4
47.88,0,1,0,1,0,42.4,4
48.39,0,0,0,0,1,42.1,4
48.91,0,0,0,0,1,41.9,4
49.41,0,0,0,1,0,41.7,4
49.93,0,0,0,1,0,41.5,4
50.43,0,0,0,1,0,41.3,5
50.94,0,0,0,0,1,41.2,5
51.46,0,1,0,0,1,40.7,5
51.96,0,1,0,0,0,39.9,5
52.47,0,1,0,1,0,39.0,5
52.97,0,1,0,1,0,38.0,5
53.49,0,1,0,1,0,37.1,5
53.99,0,1,0,1,0,36.1,5
54.5,0,1,0,1,0,35.2,5
55.01,0,1,0,1,0,34.2,5
55.52,0,1,0,1,0,33.3,5
56.03,0,1,0,1,0,32.3,5
56.53,0,1,0,1,0,31.4,5
57.03,0,1,0,1,0,30.4,5
57.53,0,1,0,1,0,29.5,5
58.04,0,1,0,1,0,28.5,5
58.55,1,1,0,1,0,27.2,5
59.05,1,1,0,1,0,25.5,5
59.57,1,1,0,1,0,23.8,5
3.9,0,0,0,0,0,100.0,0
4.41,0,0,0,0,0,100.0,0
4.93,0,0,0,1,0,99.9,0
5.43,0,0,0,0,1,99.7,0
5.94,0,0,0,1,0,99.5,0
6.44,0,0,0,0,1,99.3,0
6.95,0,0,0,0,1,99.1,0
7.45,0,0,0,1,0,98.9,0
7.96,0,0,0,1,0,98.7,0
8.46,1,0,0,0,0,97.8,0
8.98,1,0,0,0,1,96.9,0
9.48,1,0,0,0,1,95.9,0
10.0,1,0,0,0,1,94.8,0
10.5,1,0,0,0,1,93.8,1
11.0,1,0,0,0,1,92.8,1
11.51,0,0,0,1,0,92.5,1
12.03,0,0,0,0,1,92.3,1
12.53,0,0,0,1,0,92.1,1
13.04,0,0,0,0,1,91.9,1
13.56,0,0,0,1,0,91.7,1
14.07,0,0,0,1,0,91.5,1
14.59,0,0,0,0,1,91.3,1
15.09,0,0,0,0,1,91.1,1
15.6,0,0,0,1,0,90.9,1
16.12,1,0,0,0,0,89.9,1
16.63,1,0,0,0,1,89.0,1
17.14,1,0,0,0,1,87.9,1
17.66,1,0,0,0,1,86.9,1
18.17,1,0,0,0,1,85.9,1
18.68,1,0,0,0,1,84.9,1
19.18,0,0,0,1,0,84.4,1
19.68,0,0,0,0,1,84.2,1
20.2,0,0,0,1,0,83.9,2
20.72,0,0,0,0,1,83.7,2
21.23,0,0,0,0,1,83.5,2
21.74,0,0,0,1,0,83.3,2
22.25,0,0,0,0,1,83.1,2
22.75,0,0,0,0,1,82.9,2
23.26,0,1,0,0,1,82.1,2
23.76,0,1,0,1,0,81.2,2
24.28,0,1,0,1,0,80.2,2
24.79,0,1,0,1,0,79.2,2
25.3,0,1,0,1,0,78.1,2
25.81,0,1,0,1,0,77.1,2
26.33,0,1,0,1,0,76.1,2
26.83,0,0,0,1,0,75.2,2
27.35,0,0,0,0,1,75.0,2
27.86,0,0,0,1,0,74.8,2
28.36,0,0,0,1,0,74.6,2
28.87,0,0,0,0,1,74.4,2
29.38,0,0,0,1,0,74.2,2
29.89,1,0,0,1,0,73.9,2
30.4,1,0,0,1,0,72.9,3
30.91,1,0,0,0,1,71.9,3
31.41,1,0,0,0,1,70.9,3
31.93,1,0,0,0,1,69.9,3
32.44,1,0,0,0,1,68.8,3
32.95,1,0,0,0,1,67.8,3
33.45,1,0,0,0,1,66.8,3
33.96,1,0,0,0,1,65.8,3
34.46,0,0,0,0,1,64.9,3
34.96,0,0,0,1,0,64.7,3
35.48,0,0,0,0,1,64.5,3
35.99,0,0,0,0,1,64.3,3
36.5,0,0,0,0,1,64.1,3
37.01,0,1,0,0,1,63.6,3
37.53,0,1,0,0,1,62.6,3
38.04,0,1,0,1,0,61.5,3
38.55,0,1,0,1,0,60.5,3
39.07,0,1,0,1,0,59.5,3
39.57,0,1,0,1,0,58.5,3
40.08,0,1,0,1,0,57.5,4
40.59,0,1,0,1,0,56.4,4
41.1,0,1,0,0,1,55.4,4
41.61,0,0,0,1,0,54.5,4
42.11,0,0,0,0,1,54.3,4
42.62,0,0,0,1,0,54.1,4
43.13,0,0,0,1,0,53.9,4
43.64,0,0,0,1,0,53.7,4
44.15,0,0,0,0,1,53.5,4
44.66,1,0,0,1,0,52.9,4
45.16,1,0,0,0,1,51.9,4
45.67,1,0,0,0,1,50.9,4
46.18,1,0,0,0,1,49.9,4
46.69,1,0,0,0,1,48.8,4
47.19,1,0,0,0,1,47.8,4
47.71,1,0,0,0,1,46.8,4
48.22,1,0,0,0,1,45.8,4
48.73,0,0,0,1,0,45.4,4
49.23,0,0,0,1,0,45.2,4
49.73,0,0,0,0,1,45.0,4
50.24,0,0,0,0,1,44.8,5
50.74,1,0,0,1,0,44.4,5
51.25,1,0,0,0,1,43.4,5
51.76,1,1,0,0,1,42.0,5
52.28,1,1,0,0,1,40.2,5
52.79,1,1,0,0,1,38.3,5
53.31,1,1,0,0,1,36.5,5
53.82,1,1,0,0,1,34.6,5
54.34,1,1,0,0,1,32.8,5
54.85,0,1,0,1,0,31.6,5
55.35,0,1,0,1,0,30.6,5
55.86,0,1,0,1,0,29.6,5
56.38,0,0,0,1,0,28.7,5
56.89,0,0,0,0,1,28.5,5
57.39,0,0,0,0,1,28.3,5
57.91,0,0,0,0,1,28.1,5
58.41,0,0,0,1,0,27.9,5
58.92,0,1,0,0,1,27.4,5
59.42,0,1,0,1,0,26.4,5
59.93,0,1,0,1,0,25.4,5
5.59,0,0,0,0,0,100.0,0
6.1,0,0,0,0,0,100.0,0
6.6,0,0,0,0,0,100.0,0
7.1,0,0,0,0,0,100.0,0
7.61,0,0,0,0,0,100.0,0
8.12,0,0,0,0,0,100.0,0
8.63,0,0,0,0,0,100.0,0
9.15,0,0,0,0,0,100.0,0
9.65,0,0,0,0,0,100.0,0
10.16,0,0,0,0,0,100.0,1
10.68,0,0,0,0,0,100.0,1
11.19,0,0,0,0,0,100.0,1
11.69,0,0,0,0,0,100.0,1
12.19,0,0,0,0,0,100.0,1
12.7,0,0,0,1,0,99.9,1
13.2,0,0,0,0,1,99.8,1
13.71,0,0,0,0,1,99.7,1
14.21,0,0,0,0,1,99.6,1
14.72,0,0,0,0,1,99.5,1
15.23,0,0,0,0,1,99.4,1
15.73,0,0,0,0,1,99.3,1
16.23,0,1,0,0,1,98.8,1
16.75,0,1,0,0,0,98.4,1
17.25,0,1,0,0,0,98.0,1
17.76,0,1,0,0,0,97.5,1
18.26,0,0,0,0,0,97.3,1
18.76,0,0,0,0,0,97.3,1
19.28,0,0,0,1,0,97.2,1
19.78,0,0,0,0,1,97.1,1
